-- MySQL dump 10.13  Distrib 8.0.32, for Win64 (x86_64)
--
-- Host: localhost    Database: all4sport_lota
-- ------------------------------------------------------
-- Server version	8.0.32

/*!40101 SET @OLD_CHARACTER_SET_CLIENT=@@CHARACTER_SET_CLIENT */;
/*!40101 SET @OLD_CHARACTER_SET_RESULTS=@@CHARACTER_SET_RESULTS */;
/*!40101 SET @OLD_COLLATION_CONNECTION=@@COLLATION_CONNECTION */;
/*!50503 SET NAMES utf8 */;
/*!40103 SET @OLD_TIME_ZONE=@@TIME_ZONE */;
/*!40103 SET TIME_ZONE='+00:00' */;
/*!40014 SET @OLD_UNIQUE_CHECKS=@@UNIQUE_CHECKS, UNIQUE_CHECKS=0 */;
/*!40014 SET @OLD_FOREIGN_KEY_CHECKS=@@FOREIGN_KEY_CHECKS, FOREIGN_KEY_CHECKS=0 */;
/*!40101 SET @OLD_SQL_MODE=@@SQL_MODE, SQL_MODE='NO_AUTO_VALUE_ON_ZERO' */;
/*!40111 SET @OLD_SQL_NOTES=@@SQL_NOTES, SQL_NOTES=0 */;

--
-- Dumping data for table `category`
--

LOCK TABLES `category` WRITE;
/*!40000 ALTER TABLE `category` DISABLE KEYS */;
INSERT INTO `category` VALUES (0x401BC9B070EFBFBD11EEA492EFBFBD2F,'Rugby','rugby'),(0xEFBFBD1842EFBFBD5A0411EFBFBDEFBF,'Boxe','boxe'),(0xEFBFBD3803EFBFBD5A0411EFBFBDEFBF,'Foot','foot'),(0xEFBFBD62EFBFBD1E5A0411EFBFBDEFBF,'Vélo','velo'),(0xEFBFBDEFBFBD62EFBFBD5A0411EFBFBD,'Tennis','tennis');
/*!40000 ALTER TABLE `category` ENABLE KEYS */;
UNLOCK TABLES;

--
-- Dumping data for table `credential`
--

LOCK TABLES `credential` WRITE;
/*!40000 ALTER TABLE `credential` DISABLE KEYS */;
INSERT INTO `credential` VALUES ('user1@gmail.com','$2y$15$S85HOVmwUxBM0OD4S.N6aOVmVlgkGyWSZR5Af0TVvJnkmSzdhM4kO',NULL),('user2@gmail.com','$2a$15$msiz4F1QrhtkB8yKCMj7o.Gzoqb8gPZHtdYbPGrHiun1Ya1IEP7bq',NULL);
/*!40000 ALTER TABLE `credential` ENABLE KEYS */;
UNLOCK TABLES;

--
-- Dumping data for table `order`
--

LOCK TABLES `order` WRITE;
/*!40000 ALTER TABLE `order` DISABLE KEYS */;
/*!40000 ALTER TABLE `order` ENABLE KEYS */;
UNLOCK TABLES;

--
-- Dumping data for table `order_detail`
--

LOCK TABLES `order_detail` WRITE;
/*!40000 ALTER TABLE `order_detail` DISABLE KEYS */;
/*!40000 ALTER TABLE `order_detail` ENABLE KEYS */;
UNLOCK TABLES;

--
-- Dumping data for table `order_rank`
--

LOCK TABLES `order_rank` WRITE;
/*!40000 ALTER TABLE `order_rank` DISABLE KEYS */;
/*!40000 ALTER TABLE `order_rank` ENABLE KEYS */;
UNLOCK TABLES;

--
-- Dumping data for table `order_state`
--

LOCK TABLES `order_state` WRITE;
/*!40000 ALTER TABLE `order_state` DISABLE KEYS */;
INSERT INTO `order_state` VALUES (0x5CEFBFBDEFBFBD125A0911EFBFBDEFBF,'transmise'),(0x6238741C5A0911EFBFBDEFBFBDEFBFBD,'validée'),(0x65EFBFBDD7B55A0911EFBFBDEFBFBDEF,'en préparation'),(0x69EFBFBD613A5A0911EFBFBDEFBFBDEF,'expédiée'),(0x6D34EFBFBD0D5A0911EFBFBDEFBFBDEF,'livrée'),(0x7072EFBFBDEFBFBD5A0911EFBFBDEFBF,'retirée');
/*!40000 ALTER TABLE `order_state` ENABLE KEYS */;
UNLOCK TABLES;

--
-- Dumping data for table `product`
--

LOCK TABLES `product` WRITE;
/*!40000 ALTER TABLE `product` DISABLE KEYS */;
INSERT INTO `product` VALUES (0x0028EFBFBD0670EFBFBD11EEA492EFBF,0xEFBFBD3803EFBFBD5A0411EFBFBDEFBF,'Pantalon de gardien de but enfant F 100 noir','Description Pantalon de gardien de but enfant F 100 noir',22.00,'pantalon-de-gardien-de-but-enfant-f-100-noir.jpg',0,'pantalon-de-gardien-de-but-enfant-f-100-noir'),(0x0BEFBFBD51EFBFBD70EFBFBD11EEA492,0xEFBFBDEFBFBD62EFBFBD5A0411EFBFBD,'BALLE DE TENNIS TB160*60 JAUNE','Description BALLE DE TENNIS TB160*60 JAUNE',65.00,'balle-de-tennis-tb16060-jaune.jpg',0,'balle-de-tennis-tb16060-jaune'),(0x0DEFBFBDEFBFBDEFBFBD5A0611EFBFBD,0xEFBFBD3803EFBFBD5A0411EFBFBDEFBF,'But de football SG 500 taille M Bleu orange','Ceci est la description du But de football SG 500 taille M Bleu orange',75.00,'But de football SG 500 taille M Bleu orange.jpg',0,'but-de-football-sg-500-taille-m-bleu-orange'),(0x133B7F1170EFBFBD11EEA492EFBFBD2F,0xEFBFBDEFBFBD62EFBFBD5A0411EFBFBD,'SAC A DOS TENNIS - ARTENGO XL Pro 38L Noir Blanc Rouge','Description SAC A DOS TENNIS - ARTENGO XL Pro 38L Noir Blanc Rouge',80.00,'sac-a-dos-tennis-artengo-xl-pro-38l-noir-blanc-rouge.jpg',0,'sac-a-dos-tennis-artengo-xl-pro-38l-noir-blanc-rouge'),(0x2DEFBFBD2720EFBFBDEFBFBD4EEFBFBD,0xEFBFBDEFBFBD62EFBFBD5A0411EFBFBD,'Raquette de tennis bleu jaune','Description de Raquette de tennis bleu jaune',49.90,'raquette-de-tennis-bleu-jaune.jpg',0,'raquette-de-tennis-bleu-jaune'),(0x39EFBFBD27485A0611EFBFBDEFBFBDEF,0xEFBFBD3803EFBFBD5A0411EFBFBDEFBF,'Chaussures de football FUTURE ULTIMATE ENERGY FG/AG PUMA','Ceci est la description des Chaussures de football FUTURE ULTIMATE ENERGY FG/AG PUMA',220.00,'Chaussures de football FUTURE ULTIMATE ENERGY FG.jpg',0,'chaussures-de-football-future-ultimate-energy-fg-ag-puma'),(0x3BEFBFBDEFBFBDEFBFBD70EFBFBD11EE,0xEFBFBD3803EFBFBD5A0411EFBFBDEFBF,'Ballon de Football Molten UEFA Europa League Match Officiel 2023/2024','Description Ballon de Football Molten UEFA Europa League Match Officiel 2023/2024',140.00,'ballon-de-football-molten-uefa-europa-league-match-officiel-20232024.jpg',0,'ballon-de-football-molten-uefa-europa-league-match-officiel-20232024'),(0x5137EFBFBDEFBFBD5A0511EFBFBDEFBF,0xEFBFBD3803EFBFBD5A0411EFBFBDEFBF,'Ballon Coupe Du Monde 2018','Ceci est la description du Ballon Coupe Du Monde 2018',49.99,'ballon-futsal-match-ball-coupe-du-monde-2018-repli.webp',0,'ballon-coupe-du-monde-2018'),(0x62EFBFBD4A0870EFBFBD11EEA492EFBF,0xEFBFBD3803EFBFBD5A0411EFBFBDEFBF,'MAILLOT DE FOOTBALL MANCHES COURTES VIRALTO SOLO BLANC & NOIR','Description MAILLOT DE FOOTBALL MANCHES COURTES VIRALTO SOLO BLANC & NOIR',12.00,'maillot-de-football-manches-courtes-viralto-solo-blanc-and-noir.jpg',0,'maillot-de-football-manches-courtes-viralto-solo-blanc-and-noir'),(0xEFBFBD06EFBFBDEFBFBD70EFBFBD11EE,0xEFBFBD3803EFBFBD5A0411EFBFBDEFBF,'Veste de football imperméable T100 adulte Bleu','Description Veste de football imperméable T100 adulte Bleu',20.00,'veste-de-football-impermeable-t100-adulte-bleu.jpg',0,'veste-de-football-impermeable-t100-adulte-bleu'),(0xEFBFBD12525C5A0611EFBFBDEFBFBDEF,0xEFBFBD62EFBFBD1E5A0411EFBFBDEFBF,'Vélo VTT électrique semi-rigide 27,5 pouces - E-ST 500 NOIR','Ceci est la description du Vélo VTT électrique semi-rigide 27,5 pouces - E-ST 500 NOIR',1499.00,'velo-vtt-electrique-semi-rigide-275-e-st-500-noir.jpg',0,'velo-vtt-electrique-semi-rigide-27-5-pouces-e-st-500-noir'),(0xEFBFBD1F341F5A0611EFBFBDEFBFBDEF,0xEFBFBDEFBFBD62EFBFBD5A0411EFBFBD,'BANDEAU DE SPORT ADIDAS NOIR','Ceci est la description du BANDEAU DE SPORT ADIDAS NOIR',13.00,'bandeau-de-sport-adidas-noir.jpg',0,'bandeau-de-sport-adidas-noir'),(0xEFBFBD1FEFBFBDEFBFBD70EFBFBD11EE,0x401BC9B070EFBFBD11EEA492EFBFBD2F,'Ballon de Rugby Gilbert Officiel Match Sirius Equipe de France','Description Ballon de Rugby Gilbert Officiel Match Sirius Equipe de France',173.00,'ballon-de-rugby-gilbert-officiel-match-sirius-equipe-de-france.jpg',0,'ballon-de-rugby-gilbert-officiel-match-sirius-equipe-de-france'),(0xEFBFBD33EFBFBD0F70EFBFBD11EEA492,0xEFBFBD1842EFBFBD5A0411EFBFBDEFBF,'Gants de boxe MMA AVEC POUCE NOIR','Description de Gants de boxe MMA AVEC POUCE NOIR',41.50,'gants-box-mma-pouce-noir.png',0,'gants-de-box-mma-avec-pouce-noir'),(0xEFBFBD4F3FEFBFBD70EFBFBD11EEA492,0xEFBFBD3803EFBFBD5A0411EFBFBDEFBF,'Filet Basic goal Taille S','Description Filet Basic goal Taille S',5.00,'filet-basic-goal-taille-s.jpg',0,'filet-basic-goal-taille-s'),(0xEFBFBD5B43EFBFBD5A0611EFBFBDEFBF,0xEFBFBD62EFBFBD1E5A0411EFBFBDEFBF,'VÉLO VTT RANDONNEE ST 120 NOIR BLEU 27,5 POUCES','Ceci est la description du VÉLO VTT RANDONNEE ST 120 NOIR BLEU 27,5 pouces',339.00,'velo-vtt-randonnee-st-120-noir-bleu-275.jpg',0,'velo-vtt-randonnee-st-120-noir-bleu-27-5-pouces'),(0xEFBFBDD98F70EFBFBD11EEA492EFBFBD,0xEFBFBD62EFBFBD1E5A0411EFBFBDEFBF,'Kit de brosse pour entretien vélo x3','Description Kit de brosse pour entretien vélo x3',26.90,'kit-de-brosse-pour-entretien-velo-x3.jpg',0,'kit-de-brosse-pour-entretien-velo-x3'),(0xEFBFBDEFBFBD27EFBFBD5A0511EFBFBD,0xEFBFBD3803EFBFBD5A0411EFBFBDEFBF,'Hyperflex HN Gants De Gardien','Ceci est la description des Hyperflex HN Gants De Gardien',99.99,'hyperflex-hn-gants-de-gardien.jpg',0,'hyperflex-hn-gants-de-gardien'),(0xEFBFBDEFBFBD573270EFBFBD11EEA492,0xEFBFBD62EFBFBD1E5A0411EFBFBDEFBF,'POMPE A PIED 500','Description POMPE A PIED 500',20.00,'pompe-a-pied-500.jpg',0,'pompe-a-pied-500'),(0xEFBFBDEFBFBD596A5A0611EFBFBDEFBF,0xEFBFBD1842EFBFBD5A0411EFBFBDEFBF,'Sac de frappe pied/poing 32 kg adulte','Ceci est la description du Sac de frappe pied/poing 32 kg adulte',119.99,'sac-de-frappe-piedpoing-32-kg-adulte.jpg',0,'sac-de-frappe-pied-point-32-kg-adulte');
/*!40000 ALTER TABLE `product` ENABLE KEYS */;
UNLOCK TABLES;

--
-- Dumping data for table `stock`
--

LOCK TABLES `stock` WRITE;
/*!40000 ALTER TABLE `stock` DISABLE KEYS */;
INSERT INTO `stock` VALUES (0x750D483A5A0411EFBFBDEFBFBDEFBFBD,0x0BEFBFBD51EFBFBD70EFBFBD11EEA492,41),(0x750D483A5A0411EFBFBDEFBFBDEFBFBD,0x0DEFBFBDEFBFBDEFBFBD5A0611EFBFBD,6),(0x750D483A5A0411EFBFBDEFBFBDEFBFBD,0x2DEFBFBD2720EFBFBDEFBFBD4EEFBFBD,5),(0x750D483A5A0411EFBFBDEFBFBDEFBFBD,0x39EFBFBD27485A0611EFBFBDEFBFBDEF,44),(0x750D483A5A0411EFBFBDEFBFBDEFBFBD,0x3BEFBFBDEFBFBDEFBFBD70EFBFBD11EE,50),(0x750D483A5A0411EFBFBDEFBFBDEFBFBD,0x5137EFBFBDEFBFBD5A0511EFBFBDEFBF,124),(0x750D483A5A0411EFBFBDEFBFBDEFBFBD,0xEFBFBD12525C5A0611EFBFBDEFBFBDEF,4),(0x750D483A5A0411EFBFBDEFBFBDEFBFBD,0xEFBFBD1FEFBFBDEFBFBD70EFBFBD11EE,3),(0x750D483A5A0411EFBFBDEFBFBDEFBFBD,0xEFBFBD5B43EFBFBD5A0611EFBFBDEFBF,19),(0x750D483A5A0411EFBFBDEFBFBDEFBFBD,0xEFBFBDEFBFBD27EFBFBD5A0511EFBFBD,65),(0x750D483A5A0411EFBFBDEFBFBDEFBFBD,0xEFBFBDEFBFBD596A5A0611EFBFBDEFBF,12),(0x7CEFBFBDEFBFBD445A0411EFBFBDEFBF,0x0DEFBFBDEFBFBDEFBFBD5A0611EFBFBD,7),(0x7CEFBFBDEFBFBD445A0411EFBFBDEFBF,0x39EFBFBD27485A0611EFBFBDEFBFBDEF,41),(0x7CEFBFBDEFBFBD445A0411EFBFBDEFBF,0x3BEFBFBDEFBFBDEFBFBD70EFBFBD11EE,6),(0x7CEFBFBDEFBFBD445A0411EFBFBDEFBF,0x5137EFBFBDEFBFBD5A0511EFBFBDEFBF,133),(0x7CEFBFBDEFBFBD445A0411EFBFBDEFBF,0x62EFBFBD4A0870EFBFBD11EEA492EFBF,26),(0x7CEFBFBDEFBFBD445A0411EFBFBDEFBF,0xEFBFBD12525C5A0611EFBFBDEFBFBDEF,1),(0x7CEFBFBDEFBFBD445A0411EFBFBDEFBF,0xEFBFBD5B43EFBFBD5A0611EFBFBDEFBF,12),(0x7CEFBFBDEFBFBD445A0411EFBFBDEFBF,0xEFBFBDEFBFBD596A5A0611EFBFBDEFBF,9),(0xEFBFBDEFBFBD5AEFBFBD5A0411EFBFBD,0x0BEFBFBD51EFBFBD70EFBFBD11EEA492,56),(0xEFBFBDEFBFBD5AEFBFBD5A0411EFBFBD,0x2DEFBFBD2720EFBFBDEFBFBD4EEFBFBD,56),(0xEFBFBDEFBFBD5AEFBFBD5A0411EFBFBD,0x39EFBFBD27485A0611EFBFBDEFBFBDEF,34),(0xEFBFBDEFBFBD5AEFBFBD5A0411EFBFBD,0x3BEFBFBDEFBFBDEFBFBD70EFBFBD11EE,77),(0xEFBFBDEFBFBD5AEFBFBD5A0411EFBFBD,0x5137EFBFBDEFBFBD5A0511EFBFBDEFBF,99),(0xEFBFBDEFBFBD5AEFBFBD5A0411EFBFBD,0xEFBFBD06EFBFBDEFBFBD70EFBFBD11EE,154),(0xEFBFBDEFBFBD5AEFBFBD5A0411EFBFBD,0xEFBFBD12525C5A0611EFBFBDEFBFBDEF,3),(0xEFBFBDEFBFBD5AEFBFBD5A0411EFBFBD,0xEFBFBD5B43EFBFBD5A0611EFBFBDEFBF,33),(0xEFBFBDEFBFBD5AEFBFBD5A0411EFBFBD,0xEFBFBDD98F70EFBFBD11EEA492EFBFBD,9),(0xEFBFBDEFBFBD5AEFBFBD5A0411EFBFBD,0xEFBFBDEFBFBD596A5A0611EFBFBDEFBF,5),(0xEFBFBDEFBFBD5E4B5A0411EFBFBDEFBF,0x0DEFBFBDEFBFBDEFBFBD5A0611EFBFBD,22),(0xEFBFBDEFBFBD5E4B5A0411EFBFBDEFBF,0x39EFBFBD27485A0611EFBFBDEFBFBDEF,22),(0xEFBFBDEFBFBD5E4B5A0411EFBFBDEFBF,0x3BEFBFBDEFBFBDEFBFBD70EFBFBD11EE,32),(0xEFBFBDEFBFBD5E4B5A0411EFBFBDEFBF,0x5137EFBFBDEFBFBD5A0511EFBFBDEFBF,88),(0xEFBFBDEFBFBD5E4B5A0411EFBFBDEFBF,0xEFBFBDD98F70EFBFBD11EEA492EFBFBD,88),(0xEFBFBDEFBFBD5E4B5A0411EFBFBDEFBF,0xEFBFBDEFBFBD27EFBFBD5A0511EFBFBD,19),(0xEFBFBDEFBFBDEFBFBD015A0411EFBFBD,0x0BEFBFBD51EFBFBD70EFBFBD11EEA492,13),(0xEFBFBDEFBFBDEFBFBD015A0411EFBFBD,0x0DEFBFBDEFBFBDEFBFBD5A0611EFBFBD,12),(0xEFBFBDEFBFBDEFBFBD015A0411EFBFBD,0x3BEFBFBDEFBFBDEFBFBD70EFBFBD11EE,142),(0xEFBFBDEFBFBDEFBFBD015A0411EFBFBD,0x5137EFBFBDEFBFBD5A0511EFBFBDEFBF,121),(0xEFBFBDEFBFBDEFBFBD015A0411EFBFBD,0xEFBFBD06EFBFBDEFBFBD70EFBFBD11EE,99),(0xEFBFBDEFBFBDEFBFBD015A0411EFBFBD,0xEFBFBD5B43EFBFBD5A0611EFBFBDEFBF,15),(0xEFBFBDEFBFBDEFBFBD015A0411EFBFBD,0xEFBFBDEFBFBD27EFBFBD5A0511EFBFBD,42),(0xEFBFBDEFBFBDEFBFBD015A0411EFBFBD,0xEFBFBDEFBFBD596A5A0611EFBFBDEFBF,32),(0xEFBFBDEFBFBDEFBFBDEFBFBD5A0411EF,0x2DEFBFBD2720EFBFBDEFBFBD4EEFBFBD,32),(0xEFBFBDEFBFBDEFBFBDEFBFBD5A0411EF,0x3BEFBFBDEFBFBDEFBFBD70EFBFBD11EE,1),(0xEFBFBDEFBFBDEFBFBDEFBFBD5A0411EF,0x5137EFBFBDEFBFBD5A0511EFBFBDEFBF,54),(0xEFBFBDEFBFBDEFBFBDEFBFBD5A0411EF,0xEFBFBD06EFBFBDEFBFBD70EFBFBD11EE,112),(0xEFBFBDEFBFBDEFBFBDEFBFBD5A0411EF,0xEFBFBD12525C5A0611EFBFBDEFBFBDEF,16),(0xEFBFBDEFBFBDEFBFBDEFBFBD5A0411EF,0xEFBFBDD98F70EFBFBD11EEA492EFBFBD,77),(0xEFBFBDEFBFBDEFBFBDEFBFBD5A0411EF,0xEFBFBDEFBFBD27EFBFBD5A0511EFBFBD,23),(0xEFBFBDEFBFBDEFBFBDEFBFBD5A0411EF,0xEFBFBDEFBFBD596A5A0611EFBFBDEFBF,32);
/*!40000 ALTER TABLE `stock` ENABLE KEYS */;
UNLOCK TABLES;

--
-- Dumping data for table `store`
--

LOCK TABLES `store` WRITE;
/*!40000 ALTER TABLE `store` DISABLE KEYS */;
INSERT INTO `store` VALUES (0x750D483A5A0411EFBFBDEFBFBDEFBFBD,'Valenciennes'),(0x7CEFBFBDEFBFBD445A0411EFBFBDEFBF,'Lille'),(0xEFBFBDEFBFBD5AEFBFBD5A0411EFBFBD,'Metz'),(0xEFBFBDEFBFBD5E4B5A0411EFBFBDEFBF,'Lens'),(0xEFBFBDEFBFBDEFBFBD015A0411EFBFBD,'Arras'),(0xEFBFBDEFBFBDEFBFBDEFBFBD5A0411EF,'Dunkerque');
/*!40000 ALTER TABLE `store` ENABLE KEYS */;
UNLOCK TABLES;

--
-- Dumping data for table `user`
--

LOCK TABLES `user` WRITE;
/*!40000 ALTER TABLE `user` DISABLE KEYS */;
INSERT INTO `user` VALUES (0x3803EFBFBDEFBFBD5A0A11EFBFBDEFBF,'user1@gmail.com','[]','NomUser1','PrenomUser1','2414 Pleasant Hill Road','33432','Boca Raton','561-962-2040',1),(0x5C45EFBFBDEFBFBD5A0A11EFBFBDEFBF,'user2@gmail.com','[]','NomUser2','PrenomUser2','2263 Post Avenue','56469','Palisade','218-845-7546',1);
/*!40000 ALTER TABLE `user` ENABLE KEYS */;
UNLOCK TABLES;
/*!40103 SET TIME_ZONE=@OLD_TIME_ZONE */;

/*!40101 SET SQL_MODE=@OLD_SQL_MODE */;
/*!40014 SET FOREIGN_KEY_CHECKS=@OLD_FOREIGN_KEY_CHECKS */;
/*!40014 SET UNIQUE_CHECKS=@OLD_UNIQUE_CHECKS */;
/*!40101 SET CHARACTER_SET_CLIENT=@OLD_CHARACTER_SET_CLIENT */;
/*!40101 SET CHARACTER_SET_RESULTS=@OLD_CHARACTER_SET_RESULTS */;
/*!40101 SET COLLATION_CONNECTION=@OLD_COLLATION_CONNECTION */;
/*!40111 SET SQL_NOTES=@OLD_SQL_NOTES */;

-- Dump completed on 2023-10-26 20:14:05
